#trial,#facility,#customer,algorithm,error,time
1,15,2,Dualoc,3.059413617610517,31.658929761136097
1,15,2,LP_relaxation,0.026455851735371343,32.666715338135695
1,15,2,LP_lagrangian,17.288174899299655,27.012090178094308
12,15,2,Dualoc,11.517906395175066,31.635983843070367
12,15,2,LP_relaxation,11.516140016593054,31.636615395986947
12,15,2,LP_lagrangian,12.120120313340346,31.42066762473769
23,15,2,Dualoc,1.6070301986734328,31.570389254652454
23,15,2,LP_relaxation,2.027862502722145,31.701146345217666
23,15,2,LP_lagrangian,1.3967135942999258,31.50504163988795
