#trial,#facility,#customer,algorithm,error,time
100,30,30,Dualoc,1.1506322815042813,164.26877606999966
100,30,30,LP_relaxation,0.007631147250486082,64.79102219000026
100,30,30,LP_lagrangian,7.067093400031081,14176.198032580007
100,29,5,Dualoc,0.390437149694443,4.9989631600033135
100,29,5,LP_relaxation,0.25986550290623794,13.187911679999615
100,29,5,LP_lagrangian,18.209349288882194,222.15043219999416
100,5,29,Dualoc,0.9855935855624722,8.590808139983892
100,5,29,LP_relaxation,0.054172452818431624,14.653583319984591
100,5,29,LP_lagrangian,0.9191232344853979,26.501158709995707
