#trial,#facility,#customer,algorithm,error,time
100,30,30,Dualoc,10.644516685701133,162.98223124994365
100,30,30,LP_relaxation,0.12320231580515674,123.01122690001648
100,30,30,LP_lagrangian,57.34619149562952,13445.932462940036
100,29,5,Dualoc,0.20241454172122783,5.152762609986894
100,29,5,LP_relaxation,3.9308046224191324,12.611165120079022
100,29,5,LP_lagrangian,58.43382921328203,193.1846622300509
100,5,29,Dualoc,9.28464910615167,4.68630381001276
100,5,29,LP_relaxation,4.580477699453709,15.224789540006896
100,5,29,LP_lagrangian,4.3371648408683825,305.9805938399222
