#trial,#facility,#customer,algorithm,error,time
100,30,30,Dualoc,13.501382577723046,163.44838046993573
100,30,30,LP_relaxation,1.1128801061839289,213.39787232000162
100,30,30,LP_lagrangian,15.94531103524173,12822.642294599973
100,29,5,Dualoc,0.4671540624879284,4.355535479999162
100,29,5,LP_relaxation,2.3067466847002325,13.102550549983789
100,29,5,LP_lagrangian,18.332822417290476,390.92164523000065
100,5,29,Dualoc,9.918543223361816,8.561004429911918
100,5,29,LP_relaxation,2.694329548986343,18.555249480014027
100,5,29,LP_lagrangian,5.145711448840477,811.5059125799598
