#trial,#facility,#customer,algorithm,error,time
100,30,30,Dualoc,37.880095921501365,162.0586914299929
100,30,30,LP_relaxation,0.5054866227662336,65.51888773000428
100,30,30,LP_lagrangian,103.4895655998874,13391.028343010004
100,29,5,Dualoc,9.231026252335653,2.281949320026797
100,29,5,LP_relaxation,1.3884154787971847,6.253828479966614
100,29,5,LP_lagrangian,86.17382982146181,128.2800702800114
100,5,29,Dualoc,35.667797529772535,8.461630330020853
100,5,29,LP_relaxation,1.824138647845958,13.972337059999518
100,5,29,LP_lagrangian,5.60560434815883,24.9545742699911
