#trial,#facility,#customer,algorithm,error,time
100,30,30,Dualoc,0.007237197019110894,162.96334408999883
100,30,30,LP_relaxation,0.03430436141435866,72.6838683999722
100,30,30,LP_lagrangian,9.773717742527129,13957.46343931999
100,29,5,Dualoc,0.027184530823340814,4.527196959998037
100,29,5,LP_relaxation,0.010268438219657021,9.279501320042982
100,29,5,LP_lagrangian,6.986711775144397,516.2370803499653
100,5,29,Dualoc,0.5567709088401661,8.80035553002017
100,5,29,LP_relaxation,0.1900915854476146,14.170914189990071
100,5,29,LP_lagrangian,1.0801760737904906,814.2236800600131
